"trait","ybar"
"GY",172.057627575758
"ASI",-0.944459060606061
"DTP",63.2104310606061
"DTS",64.1600833333333
"EHT",105.799306212121
"PHT",224.80395
"TW",57.1020986363636
